x,y,z
0,0,0.21300361995597997
1,0,0.5818695018233176
2,0,1.0977996849557774
3,0,1.275292882306997
4,0,1.2621534444188007
5,0,1.1764394399200422
6,0,1.0736365347411516
7,0,0.9747162645392812
8,0,0.8861244054868307
9,0,0.8088236095035967
10,0,0.7419092101459636
11,0,0.6839854519981117
12,0,0.6336625898376591
13,0,0.5897149665294186
14,0,0.5511115906260518
15,0,0.5170019886409098
16,0,0.48668942109715213
17,0,0.4596034244677233
18,0,0.4352756489062631
19,0,0.4133198552022969
20,0,0.39341580650892183
21,0,0.3752964555343686
22,0,0.35873779798127553
23,0,0.3435508377552297
24,0,0.32957520868905726
25,0,0.3166740913274377
26,0,0.30473014247840446
27,0,0.2936422187149661
28,0,0.28332272462545616
29,0,0.27369545489787733
30,0,0.2646938286971233
31,0,0.2562594372920722
32,0,0.24834084313672955
33,0,0.24089258186430465
34,0,0.23387432887525347
35,0,0.22725020011644448
36,0,0.22098816280673997
37,0,0.21505953667766753
38,0,0.2094385700784582
39,0,0.20410207827869675
40,0,0.19902913366850422
41,0,0.1942007994422812
42,0,0.18959989986225909
43,0,0.18521082141291864
44,0,0.18101934013892437
45,0,0.17701247125582384
46,0,0.1731783377719762
47,0,0.1695060553914576
48,0,0.16598563140418335
49,0,0.16260787562949788

0,1,0.4608367402436242
1,1,1.1927848222169148
2,1,1.8652142893916532
3,1,1.8313032788405876
4,1,1.6185075239117312
5,1,1.4037652276051797
6,1,1.222888103495171
7,1,1.0762821841388723
8,1,0.9576704766137898
9,1,0.8608081597777787
10,1,0.7807169689768477
11,1,0.7136449724157409
12,1,0.6567973958018609
13,1,0.6080839473146773
14,1,0.5659253210745078
15,1,0.5291135265450627
16,1,0.49671272633592484
17,1,0.4679888333057152
18,1,0.4423591655192272
19,1,0.41935607012853077
20,1,0.39860033355794217
21,1,0.3797815122874194
22,1,0.3626432112684803
23,1,0.3469719400940064
24,1,0.3325885860542747
25,1,0.3193418227263365
26,1,0.307102965583496
27,1,0.29576192053636996
28,1,0.28522396602301925
29,1,0.2754071766990064
30,1,0.2662403452929474
31,1,0.25766129444893
32,1,0.24961549624614507
33,1,0.24205493624370344
34,1,0.23493717321181912
35,1,0.22822455649471984
36,1,0.22188357114129786
37,1,0.2158842872080344
38,1,0.21019989447118342
39,1,0.20480630753645312
40,1,0.1996818292656502
41,1,0.19480686274464537
42,1,0.1901636638403167
43,1,0.18573612784472876
44,1,0.1815096048652161
45,1,0.17747073955217196
46,1,0.17360733151047336
47,1,0.16990821335285106
48,1,0.16636314385307754
49,1,0.1629627140661595

0,2,1.6197009227271364
1,2,3.36588920877825
2,2,3.271532196271778
3,2,2.5021254475767383
4,2,1.9585466093045243
5,2,1.5930590064638968
6,2,1.337197671822608
7,2,1.1499674563523428
8,2,1.007702586195421
9,2,0.8962295056813416
10,2,0.8066638860885967
11,2,0.733195681252399
12,2,0.6718817239364784
13,2,0.6199588796774713
14,2,0.5754367961076594
15,2,0.536847151051656
16,2,0.5030839798729222
17,2,0.4732989229409164
18,2,0.4468306616784753
19,2,0.4231562533801786
20,2,0.40185685597353354
21,2,0.3825931282188448
22,2,0.36508727149360354
23,2,0.34910971680069686
24,2,0.33446911645635796
25,2,0.3210047235191273
26,2,0.30858052109406653
27,2,0.297080650860342
28,2,0.2864058178696657
29,2,0.27647043711482844
30,2,0.2672003495100104
31,2,0.25853097916144685
32,2,0.2504058356850887
33,2,0.24277528856309116
34,2,0.23559555764768103
35,2,0.22882787665647072
36,2,0.22243779606786804
37,2,0.21639459907161548
38,2,0.2106708097650447
39,2,0.20524177704727384
40,2,0.2000853209686631
41,2,0.19518143087395123
42,2,0.19051200670650395
43,2,0.18606063644610563
44,2,0.18181240392985618
45,2,0.17775372232772493
46,2,0.17387218936653076
47,2,0.17015646106099955
48,2,0.16659614125084357
49,2,0.16318168468389824

0,3,25.163835768319018
1,3,10.551773763026713
2,3,4.555388734747418
3,3,2.899082994100178
4,3,2.1254650694938544
5,3,1.677620340302636
6,3,1.3856119851758406
7,3,1.1801694198946855
8,3,1.0277734654421533
9,3,0.9102300897226732
10,3,0.816811176694312
11,3,0.7407815749073883
12,3,0.6776996485620091
13,3,0.6245176594252043
14,3,0.5790747707803877
15,3,0.539796325226222
16,3,0.5055077066579851
17,3,0.47531489293958795
18,3,0.44852539414472126
19,3,0.424594496308085
20,3,0.40308783992754493
21,3,0.3836548216186885
22,3,0.36600933491659843
23,3,0.34991559157464897
24,3,0.33517752565147835
25,3,0.3216307668705769
26,3,0.30913648467133253
27,3,0.29757661332886437
28,3,0.286850109697395
29,3,0.27686999210762886
30,3,0.26756097658246
31,3,0.25885757437076684
32,3,0.2507025490726963
33,3,0.24304565648328666
34,3,0.2358426085061131
35,3,0.2290542159926369
36,3,0.2226456754668131
37,3,0.21658597232358914
38,3,0.21084737889988
39,3,0.20540503027695026
40,3,0.20023656412344018
41,3,0.1953218135764387
42,3,0.19064254426660474
43,3,0.18618222825795688
44,3,0.1819258489950905
45,3,0.17785973240677228
46,3,0.17397140016325674
47,3,0.17024944176970921
48,3,0.16668340273402785
49,3,0.16326368650062142

0,4,2.331392119370106
1,4,4.321677383638822
2,4,3.601130074162824
3,4,2.618565221722054
4,4,2.009804260905322
5,4,1.619570397552905
6,4,1.3525452013640908
7,4,1.1596047558156628
8,4,1.0141341852701182
9,4,0.9007287912054962
10,4,0.809931503963447
11,4,0.735642139010371
12,4,0.6737601352087944
13,4,0.6214320470015162
14,4,0.5766132208982204
15,4,0.537801367603024
16,4,0.5038685425990899
17,4,0.47395173972072385
18,4,0.447379626936515
19,4,0.42362225905262096
20,4,0.4022557977819084
21,4,0.3829372725666972
22,4,0.3653862055011141
23,4,0.349371020579488
24,4,0.3346988466398331
25,4,0.321207766230035
26,4,0.3087608531165111
27,4,0.2972415353052735
28,4,0.2865499524506531
29,4,0.27660006770559137
30,4,0.2673173579686905
31,4,0.2586369518738931
32,4,0.2505021175155145
33,4,0.24286302565632417
34,4,0.2356757316392668
35,4,0.22890133220611614
36,4,0.22250526316450098
37,4,0.21645671121436597
38,4,0.21072811886888732
39,4,0.20529476573055516
40,4,0.20013441273505037
41,4,0.19522699859118683
42,4,0.1905543796998832
43,4,0.1861001064593738
44,4,0.1818492301555325
45,4,0.1777881356692202
46,4,0.17390439606324234
47,4,0.17018664578289744
48,4,0.16662446974943917
49,4,0.1632083060708018

0,5,0.5577162224100974
1,5,1.4145055217020912
2,5,2.082559764263156
3,5,1.958803211380969
4,5,1.689732738749241
5,5,1.445464920485735
6,5,1.2488061840140379
7,5,1.0932901111396853
8,5,0.9693552482501799
9,5,0.869148051329942
10,5,0.7868618354892627
11,5,0.7182951157998372
12,5,0.6603970358900769
13,5,0.6109249848247323
14,5,0.5682055399050783
15,5,0.5309705770116485
16,5,0.49824468800172106
17,5,0.46926705806458646
18,5,0.44343652883141876
19,5,0.42027240766142904
20,5,0.3993861054013688
21,5,0.3804603235262244
22,5,0.36323357819784385
23,5,0.3474885488020328
24,5,0.3330432031173293
25,5,0.3197439634847046
26,5,0.3074603908864806
27,5,0.29608101039486323
28,5,0.285510003773116
29,5,0.27566456731854033
30,5,0.26647278472227987
31,5,0.2578719020735043
32,5,0.24980691941148517
33,5,0.2422294333438983
34,5,0.23509668022254784
35,5,0.22837074061198126
36,5,0.22201787430167888
37,5,0.21600796161241315
38,5,0.2103140317464613
39,5,0.20491186280373727
40,5,0.19977964110598026
41,5,0.1948976698417468
42,5,0.19024811891724833
43,5,0.18581480938548686
44,5,0.18158302701440643
45,5,0.17753936050913496
46,5,0.17367156067379197
47,5,0.16996841742327912
48,5,0.16641965206478074
49,5,0.1630158226856284

0,6,0.24216904485801752
1,6,0.6572554768146458
2,6,1.2092142622829183
3,6,1.3683287750833977
4,6,1.327613457616834
5,6,1.2207088513565658
6,6,1.10380562523278
7,6,0.9957595607680635
8,6,0.90120190143595
9,6,0.8199121055209815
10,6,0.7502609064093078
11,6,0.6904112520054932
12,6,0.6387007187328834
13,6,0.5937314781340045
14,6,0.5543612331893126
15,6,0.5196658525798123
16,6,0.48889875844111996
17,6,0.4614550603764591
18,6,0.4368421686441779
19,6,0.41465647423821567
20,6,0.3945650910781048
21,6,0.37629162284898
22,6,0.359605060690266
23,6,0.34431109428372897
24,6,0.330245278772977
25,6,0.31726763064920604
26,6,0.30525832777009226
27,6,0.29411426657898054
28,6,0.2837462884560147
29,6,0.27407693144445083
30,6,0.2650385969523194
31,6,0.2565720461982485
32,6,0.24862516023160505
33,6,0.24115191185958632
34,6,0.23411150890437155
35,6,0.22746767674053586
36,6,0.2211880546554782
37,6,0.21524368570092647
38,6,0.20960858371027194
39,6,0.20425936430578082
40,6,0.19917492920832144
41,6,0.19433619513897418
42,6,0.18972586017998364
43,6,0.18532820172853381
44,6,0.18112890119730865
45,6,0.17711489144214437
46,6,0.1732742235691797
47,6,0.16959595032290314
48,6,0.16607002370678178
49,6,0.16268720485895802

0,7,0.13444674310826477
1,7,0.37383956139500685
2,7,0.7586645469809192
3,7,0.9589597441186685
4,7,1.0185103381118679
5,7,1.0004208172254956
6,7,0.9479370860240588
7,7,0.8840737351464406
8,7,0.8195982555444288
9,7,0.7590219380767399
10,7,0.7038942918660197
11,7,0.6544346108384164
12,7,0.6103062942830524
13,7,0.5709753560590586
14,7,0.5358714967081368
15,7,0.5044562676508076
16,7,0.47624797890213244
17,7,0.45082694600460826
18,7,0.4278322873136208
19,7,0.4069555584738262
20,7,0.3879336601620315
21,7,0.3705420816205953
22,7,0.3545888858153046
23,7,0.3399095354720035
24,7,0.32636252374602603
25,7,0.3138257206294418
26,7,0.3021933326909786
27,7,0.291373377734635
28,7,0.2812855868552039
29,7,0.2718596591020677
30,7,0.26303380625068207
31,7,0.25475353611108725
32,7,0.2469706321229719
33,7,0.2396422947472215
34,7,0.23273041653627977
35,7,0.2262009679563121
36,7,0.2200234752437591
37,7,0.21417057498609715
38,7,0.2086176328734373
39,7,0.2033424162998424
40,7,0.198324812303514
41,7,0.19354658380609704
42,7,0.18899115830975852
43,7,0.18464344418959597
44,7,0.1804896705208357
45,7,0.17651724703915478
46,7,0.1727146413754665
47,7,0.16907127115540163
48,7,0.16557740892595288
49,7,0.1622240981813626

0,8,0.08533403331310153
1,8,0.23996015402214582
2,8,0.5118898584871387
3,8,0.6913476910476107
4,8,0.7827213368225198
5,8,0.81105070095926
6,8,0.8014991621106798
7,8,0.7720356771069063
8,8,0.7336457577129156
9,8,0.6924833146825226
10,8,0.6517775680224444
11,8,0.6130986763217603
12,8,0.5771107743110764
13,8,0.5439985487719117
14,8,0.5137030804514742
15,8,0.48605028482968327
16,8,0.46081981903504815
17,8,0.4377812109882124
18,8,0.416712021362178
19,8,0.3974062216394009
20,8,0.3796773144746477
21,8,0.36335870170790213
22,8,0.3483026839530807
23,8,0.3343788505075336
24,8,0.3214722686274668
25,8,0.30948168549703187
26,8,0.29831784711189185
27,8,0.28790197813498575
28,8,0.2781644343359028
29,8,0.26904352244961255
30,8,0.260484474312591
31,8,0.25243855902156914
32,8,0.24486231636150751
33,8,0.23771689558258285
34,8,0.23096748504792244
35,8,0.22458281992496695
36,8,0.21853475674066497
37,8,0.2127979051580803
38,8,0.20734930871359142
39,8,0.20216816746708952
40,8,0.19723559656729142
41,8,0.1925344156337954
42,8,0.18804896462346546
43,8,0.1837649424983619
44,8,0.17966926556208124
45,8,0.17574994279584075
46,8,0.17199596591798405
47,8,0.16839721222206783
48,8,0.16494435852894992
49,8,0.16162880482550124

0,9,0.05892182327292307
1,9,0.16670219729868244
2,9,0.36585782680603945
3,9,0.5149916214755539
4,9,0.6095573339024289
5,9,0.6581702578066102
6,9,0.6737747939607476
7,9,0.668133367782478
8,9,0.6499979747919218
9,9,0.6252257282474258
10,9,0.5974917334098002
11,9,0.5689968742487443
12,9,0.5410017891769022
13,9,0.5141873443259944
14,9,0.4888851365624326
15,9,0.46522075228902277
16,9,0.44320139501971567
17,9,0.4227689293525957
18,9,0.40383169194607343
19,9,0.38628334388107366
20,9,0.3700138394919436
21,9,0.3549156128918217
22,9,0.34088687658060696
23,9,0.3278331904381662
24,9,0.31566800993939853
25,9,0.3043126471927258
26,9,0.2936959092890381
27,9,0.2837535742194717
28,9,0.274427800252089
29,9,0.2656665248941109
30,9,0.2574228850576801
31,9,0.2496546750294816
32,9,0.2423238497447824
33,9,0.23539607545806746
34,9,0.2288403267918235
35,9,0.22262852745698272
36,9,0.2167352311223498
37,9,0.21113733861935674
38,9,0.20581384768499197
39,9,0.20074563163364403
40,9,0.1959152436236474
41,9,0.1913067434951408
42,9,0.18690554447192237
43,9,0.1826982773238931
44,9,0.1786726698692297
45,9,0.17481743995245952
46,9,0.1711222002650302
47,9,0.16757737357943903
48,9,0.16417411714814392
49,9,0.16090425517641693

0,10,0.04310930309823774
1,10,0.12241352249032755
2,10,0.2734200357238142
3,10,0.3954470507994611
4,10,0.48294044391374497
5,10,0.5379916688450768
6,10,0.5667447264867775
7,10,0.5762300200971273
8,10,0.5726255249589224
9,10,0.5606897093092068
10,10,0.5438150185240516
11,10,0.524302249094304
12,10,0.5036563128472333
13,10,0.4828310593709096
14,10,0.46241056171085476
15,10,0.4427358683251401
16,10,0.4239908361225292
17,10,0.40625918314346315
18,10,0.38956198252051394
19,10,0.3738821124771136
20,10,0.35918009570042464
21,10,0.34540428540059276
22,10,0.33249735048022233
23,10,0.32040034263295664
24,10,0.3090551868692871
25,10,0.29840614752162153
26,10,0.2884006321844266
27,10,0.2789895717480205
28,10,0.2701275330331092
29,10,0.2617726667621191
30,10,0.2538865581047515
31,10,0.24643402355093746
32,10,0.2393828823079012
33,10,0.23270372011132487
34,10,0.2263696565215227
35,10,0.22035612227973156
36,10,0.21464065035448335
37,10,0.20920268239884335
38,10,0.20402339112196893
39,10,0.1990855183222193
40,10,0.19437322787884506
41,10,0.1898719727507208
42,10,0.185568374913381
43,10,0.18145011713250456
44,10,0.1775058454912644
45,10,0.17372508163944977
46,10,0.17009814379997093
47,10,0.16661607564410325
48,10,0.16327058222473262
49,10,0.16005397223325835

0,11,0.032900927552051124
1,11,0.09364794008412303
2,11,0.21160581618243682
3,11,0.31177285084717515
4,11,0.3894178546476626
5,11,0.44421306612574984
6,11,0.47880702083888094
7,11,0.49716375718922434
8,11,0.503351658276723
9,11,0.5009106376686342
10,11,0.4926454148080237
11,11,0.4806507996502075
12,11,0.4664300527225875
13,11,0.45103064005862586
14,11,0.43516476773087653
15,11,0.41930516297772535
16,11,0.4037568092603065
17,11,0.3887088507649284
18,11,0.3742713687758069
19,11,0.3605010991412401
20,11,0.3474192630972346
21,11,0.335023855400434
22,11,0.3232980704093363
23,11,0.3122160504257737
24,11,0.3017467826436854
25,11,0.2918567182257374
26,11,0.28251151057097146
27,11,0.27367714746550337
28,11,0.26532066719424996
29,11,0.2574105902280098
30,11,0.24991715767910058
31,11,0.2428124397312855
32,11,0.23607035783507563
33,11,0.22966665096519057
34,11,0.22357880684051826
35,11,0.21778597245435152
36,11,0.21226885368917592
37,11,0.20700961059774628
38,11,0.20199175270568007
39,11,0.19720003714149045
40,11,0.19262037132622728
41,11,0.18823972121541843
42,11,0.18404602558158675
43,11,0.18002811648636952
44,11,0.17617564586787424
45,11,0.17247901802649043
46,11,0.16892932770627347
47,11,0.16551830342174806
48,11,0.1622382556591892
49,11,0.159082029578393

0,12,0.025930965290800558
1,12,0.07392895888308393
2,12,0.168393346428761
3,12,0.25139406736620623
4,12,0.31924446861033884
5,12,0.37083940506395313
6,12,0.4071065736760323
7,12,0.43016636639871325
8,12,0.44257808916946817
9,12,0.44683519755135553
10,12,0.4451063382573902
11,12,0.4391500456743
12,12,0.43032731425074033
13,12,0.419657449303834
14,12,0.4078853005130231
15,12,0.39554431642487137
16,12,0.3830095125062981
17,12,0.3705393658721838
18,12,0.3583077742563699
19,12,0.34642788598309454
20,12,0.33496960805232173
21,12,0.32397234421912113
22,12,0.31345420078814945
23,12,0.30341860722020475
24,12,0.29385905852085165
25,12,0.2847624991719019
26,12,0.27611172719665333
27,12,0.26788709261198507
28,12,0.2600676883419033
29,12,0.25263217645194147
30,12,0.24555935270517598
31,12,0.2388285237222789
32,12,0.23241975034586076
33,12,0.2263139959073273
34,12,0.22049320734547376
35,12,0.21494034936159362
36,12,0.20963940617852905
37,12,0.2045753614008686
38,12,0.19973416352026863
39,12,0.19510268246481688
40,12,0.19066866103231128
41,12,0.18642066391410655
42,12,0.1823480261929993
43,12,0.17844080260157055
44,12,0.17468971839551553
45,12,0.17108612238536408
46,12,0.167621942447209
47,12,0.16428964367489865
48,12,0.16108218922522388
49,12,0.15799300383117518

0,13,0.020961808440117677
1,13,0.05983131686126303
2,13,0.1370707385515029
3,13,0.20661800480756934
4,13,0.2656727830618558
5,13,0.31298863983446423
6,13,0.3486788885656364
7,13,0.37379894452432255
8,13,0.3899001994525443
9,13,0.3986747799498023
10,13,0.4017273544741818
11,13,0.40045854652602847
12,13,0.39602612848908963
13,13,0.3893516115727062
14,13,0.38114857997698476
15,13,0.3719581452576585
16,13,0.36218368735381196
17,13,0.3521213752354647
18,13,0.34198540038177894
19,13,0.33192807526573814
20,13,0.3220554599547156
21,13,0.3124393177466248
22,13,0.3031261626051498
23,13,0.2941440541013061
24,13,0.28550767320043696
25,13,0.2772220985729123
26,13,0.2692856068524371
27,13,0.26169174276338525
28,13,0.2544308444972875
29,13,0.24749116331973148
30,13,0.24085968126038926
31,13,0.2345227043490758
32,13,0.22846628913055356
33,13,0.22267654547996213
34,13,0.2171398477866495
35,13,0.21184297841995467
36,13,0.20677322131817955
37,13,0.2019184190162676
38,13,0.19726700305091643
39,13,0.19280800515916102
40,13,0.1885310547994428
41,13,0.1844263671109536
42,13,0.18048472436754714
43,13,0.17669745318757377
44,13,0.173056399164268
45,13,0.1695539001333579
46,13,0.16618275895842868
47,13,0.16293621646262657
48,13,0.1598079249467891
49,13,0.15679192259346322

0,14,0.017295082165329136
1,14,0.04940770148099277
2,14,0.11367709839774799
3,14,0.1726055831161679
4,14,0.2240728196673879
5,14,0.2669208324400528
6,14,0.30090108713173636
7,14,0.326469998113976
8,14,0.3445312319418216
9,14,0.35620021971622867
10,14,0.36262806647153345
11,14,0.3648907233033791
12,14,0.36393222294474864
13,14,0.3605455836966176
14,14,0.35537643597537427
15,14,0.3489382812115884
16,14,0.3416321983693916
17,14,0.33376685889353463
18,14,0.32557676972366484
19,14,0.3172379188215074
20,14,0.3088806924740821
21,14,0.30060027565912584
22,14,0.2924648836354772
23,14,0.2845221997270988
24,14,0.27680436791781404
25,14,0.2693318413198862
26,14,0.2621163355541729
27,14,0.2551630875284617
28,14,0.2484725781632992
29,14,0.24204184296200942
30,14,0.2358654664693738
31,14,0.22993633467701444
32,14,0.22424620228444656
33,14,0.2187861184553677
34,14,0.21354674449514754
35,14,0.20851858904003967
36,14,0.2036921803492293
37,14,0.19905819070152678
38,14,0.19460752438863307
39,14,0.19033137811175066
40,14,0.1862212805327656
41,14,0.18226911615626396
42,14,0.1784671375106891
43,14,0.17480796866948983
44,14,0.1712846024402821
45,14,0.16789039300165465
46,14,0.1646190453450184
47,14,0.16146460255360734
48,14,0.15842143170003595
49,14,0.15548420895059387

0,15,0.014512477216197596
1,15,0.0414854920144198
2,15,0.09576244056021073
3,15,0.14622155767814202
4,15,0.19124795509473463
5,15,0.22983960556246388
6,15,0.26160834318843296
7,15,0.2866822121878017
8,15,0.3055585623096616
9,15,0.31895275286832525
10,15,0.3276709469095816
11,15,0.3325182782256426
12,15,0.3342415886124522
13,15,0.33349993438975206
14,15,0.3308545633702689
15,15,0.326770999191418
16,15,0.3216276806700381
17,15,0.31572741642686863
18,15,0.3093093710264571
19,15,0.3025603312635499
20,15,0.29562467017690935
21,15,0.28861282668491406
22,15,0.2816083381769885
23,15,0.2746735693954096
24,15,0.267854320261338
25,15,0.26118349816816755
26,15,0.25468402516291916
27,15,0.2483711280695872
28,15,0.24225413581189292
29,15,0.2363378858812908
30,15,0.2306238223100555
31,15,0.22511085097968522
32,15,0.21979600449377312
33,15,0.21467495784174698
34,15,0.20974242728227374
35,15,0.2049924778971657
36,15,0.20041875976250154
37,15,0.19601468835822633
38,15,0.19177358144646164
39,15,0.18768876199404388
40,15,0.1837536346379807
41,15,0.17996174156801883
42,15,0.176306802429537
43,15,0.17278274185506567
44,15,0.16938370745337106
45,15,0.16610408047402442
46,15,0.1629384808859188
47,15,0.15988176823163186
48,15,0.1569290393235371
49,15,0.15407562361471636

0,16,0.012351051762818291
1,16,0.035324687901319
2,16,0.08174953417396262
3,16,0.12537622613145621
4,16,0.16496297565051643
5,16,0.1996686598554264
6,16,0.22907204823933533
7,16,0.25312752021130697
8,16,0.27208214330235564
9,16,0.2863801228467406
10,16,0.29657419804334373
11,16,0.3032546884334031
12,16,0.30699929091401745
13,16,0.3083418750486984
14,16,0.30775629884060235
15,16,0.30565085676525466
16,16,0.30236952456829513
17,16,0.29819706356494846
18,16,0.29336593999068133
19,16,0.28806375002114737
20,16,0.2824403830787236
21,16,0.2766145250902061
22,16,0.27067933809123557
23,16,0.2647072917986324
24,16,0.25875419835951935
25,16,0.2528625369685607
26,16,0.24706416663606268
27,16,0.2413825236905062
28,16,0.2358343922304177
29,16,0.23043132465175523
30,16,0.22518077779831344
31,16,0.22008701937848138
32,16,0.21515184959065836
33,16,0.21037517456772512
34,16,0.2057554612597073
35,16,0.20129009760067387
36,16,0.1969756770921114
37,16,0.1928082231168205
38,16,0.1887833652221526
39,16,0.18489647714443974
40,16,0.18114278437286038
41,16,0.1775174474748898
42,16,0.17401562614818736
43,16,0.17063252796131997
44,16,0.16736344494655092
45,16,0.16420378057068746
46,16,0.16114906910165624
47,16,0.15819498898274711
48,16,0.15533737150240406
49,16,0.1525722057884195

0,17,0.010638804017291505
1,17,0.030439766737928278
2,17,0.07058766529342751
3,17,0.10863984283626997
4,17,0.14363087040316982
5,17,0.1748636862664809
6,17,0.20193276454122694
7,17,0.2247062928886819
8,17,0.24327992757953693
9,17,0.25791706039865964
10,17,0.26898839231990457
11,17,0.27691926356715685
12,17,0.28214871761459137
13,17,0.28510086476545327
14,17,0.28616707773674116
15,17,0.28569668863876435
16,17,0.28399377004306126
17,17,0.28131790399176526
18,17,0.27788731035285114
19,17,0.2738831687089026
20,17,0.2694543569543562
21,17,0.2647221260812776
22,17,0.2597844408112593
23,17,0.2547198561710405
24,17,0.24959088864671394
25,17,0.24444689273573206
26,17,0.2393264816789486
27,17,0.2342595437203547
28,17,0.2292689085087335
29,17,0.22437171626623933
30,17,0.21958053768288024
31,17,0.21490428673258322
32,17,0.21034896266661232
33,17,0.20591825182354215
34,17,0.2016140148417506
35,17,0.1974366804559855
36,17,0.19338556330225243
37,17,0.18945911999800386
38,17,0.18565515514014183
39,17,0.1819709866988705
40,17,0.17840357851054628
41,17,0.1749496461232896
42,17,0.17160574106906437
43,17,0.16836831767713656
44,17,0.1652337857658735
45,17,0.16219855191915203
46,17,0.15925905154254583
47,17,0.15641177348031543
48,17,0.15365327863858638
49,17,0.15098021378799792

0,18,0.009259386731033872
1,18,0.026501536840893604
2,18,0.06155590994456436
3,18,0.09501066776784184
4,18,0.12610674574533823
5,18,0.15426886908110768
6,18,0.17912730382113354
7,18,0.20051291077849145
8,18,0.21843185986509472
9,18,0.23302856230030827
10,18,0.24454497966788696
11,18,0.2532824622759366
12,18,0.25956975872550864
13,18,0.2637386147283357
14,18,0.26610680712417345
15,18,0.266967571738352
16,18,0.26658403806663256
17,18,0.2651872885109047
18,18,0.2629768479036502
19,18,0.2601226629848861
20,18,0.25676788221833813
21,18,0.2530319608071618
22,18,0.24901378368088503
23,18,0.24479462248119155
24,18,0.24044082835899794
25,18,0.23600621918864326
26,18,0.23153415542302158
27,18,0.22705931966033202
28,18,0.22260922595150615
29,18,0.21820548948591553
30,18,0.21386488801612544
31,18,0.20960024487833565
32,18,0.20542116081259754
33,18,0.2013346186627598
34,18,0.19734548184627
35,18,0.19345690445667513
36,18,0.1896706681119666
37,18,0.18598745823513105
38,18,0.18240709035362498
39,18,0.17892869521352814
40,18,0.1755508699922726
41,18,0.17227180162737385
42,18,0.16908936722374082
43,18,0.16600121562728692
44,18,0.1630048335292641
45,18,0.16009759886910527
46,18,0.1572768238121885
47,18,0.15453978917469657
48,18,0.15188377183540538
49,18,0.14930606640108915

0,19,0.00813181869763414
1,19,0.023280444173846268
2,19,0.054146765248436514
3,19,0.08377161884061657
4,19,0.11155160002393363
5,19,0.1370117485304913
6,19,0.15982421330686977
7,19,0.17980931633203154
8,19,0.19692221372849003
9,19,0.21123006461802063
10,19,0.22288484954824395
11,19,0.23209613588547426
12,19,0.23910673300861118
13,19,0.2441727992345554
14,19,0.2475488469313717
15,19,0.24947734575522248
16,19,0.2501822222637823
17,19,0.24986541323941294
18,19,0.24870565518311333
19,19,0.2468588043366514
20,19,0.2444591247763984
21,19,0.24162112331302057
22,19,0.23844163253454864
23,19,0.23500194158214727
24,19,0.23136984849719652
25,19,0.22760156145551036
26,19,0.22374341306451911
27,19,0.21983337617943952
28,19,0.2159023848534833
29,19,0.21197547282454324
30,19,0.20807274643310608
31,19,0.20421021057172356
32,19,0.20040046624591956
33,19,0.1966532973041122
34,19,0.1929761623500116
35,19,0.18937460609281953
36,19,0.18585260260778894
37,19,0.18241284128215535
38,19,0.17905696466694393
39,19,0.17578576606841842
40,19,0.1725993534984682
41,19,0.169497285553789
42,19,0.16647868389586026
43,19,0.16354232624129753
44,19,0.16068672312839208
45,19,0.15791018118441325
46,19,0.15521085516468805
47,19,0.15258679065530625
48,19,0.15003595901488817
49,19,0.14755628586715003

0,20,0.0071983279741848535
1,20,0.020612478598204472
2,20,0.04799484422281335
3,20,0.07439936074432005
4,20,0.09934131033279116
5,20,0.12242741579407788
6,20,0.14337122128026988
7,20,0.16199671076004732
8,20,0.1782317452848497
9,20,0.19209414330602348
10,20,0.20367362908087536
11,20,0.2131125838043436
12,20,0.22058783423392472
13,20,0.22629488631285324
14,20,0.23043526046999566
15,20,0.2332070156154716
16,20,0.23479818350592238
17,20,0.2353826474471962
18,20,0.23511794198212932
19,20,0.2341444751181658
20,20,0.23258574257282988
21,20,0.23054918699926163
22,20,0.2281274374220694
23,20,0.22539973648126566
24,20,0.2224334222500555
25,20,0.2192853772342541
26,20,0.21600339115576186
27,20,0.2126274083601571
28,20,0.2091906473072369
29,20,0.20572059051185373
30,20,0.20223985007622788
31,20,0.19876691782827763
32,20,0.19531681098335793
33,20,0.1919016248582475
34,20,0.18853100396886122
35,20,0.18521254217119948
36,20,0.18195212158383928
37,20,0.17875419900724548
38,20,0.17562204752316551
39,20,0.17255795997174617
40,20,0.1695634200950572
41,20,0.16663924631730048
42,20,0.1637857124076344
43,20,0.16100264863850575
44,20,0.1582895265043867
45,20,0.15564552959487607
46,20,0.1530696128136616
47,20,0.1505605517923745
48,20,0.14811698405792123
49,20,0.1457374432661733

0,21,0.006416804781464715
1,21,0.01837794618068563
2,21,0.04283180593582199
3,21,0.06650523745474801
4,21,0.08900500526433075
5,21,0.11000407873880721
6,21,0.12925406428519762
7,21,0.14658966608801463
8,21,0.16192592715302712
9,21,0.17524987727996233
10,21,0.1866086088571302
11,21,0.19609576021615646
12,21,0.20383804586767879
13,21,0.20998299266634296
14,21,0.21468855369226889
15,21,0.2181148614555936
16,21,0.22041808475076516
17,21,0.22174616951200385
18,21,0.22223615396463497
19,21,0.2220127258705688
20,21,0.22118770953583886
21,21,0.21986021233491543
22,21,0.21811721065692202
23,21,0.21603440458928908
24,21,0.2136772146090354
25,21,0.21110183011885358
26,21,0.20835624861420826
27,21,0.2054812662815105
28,21,0.202511396982216
29,21,0.19947570803174053
30,21,0.1963985690101773
31,21,0.19330031496228509
32,21,0.19019782850049421
33,21,0.18710504709536072
34,21,0.1840334026596685
35,21,0.18099220072634106
36,21,0.17798894631710196
37,21,0.17502962316031506
38,21,0.17211893235354925
39,21,0.1692604959530479
40,21,0.16645703035595438
41,21,0.16371049375093027
42,21,0.16102221136515454
43,21,0.1583929817385937
44,21,0.15582316681238467
45,21,0.15331276822622408
46,21,0.15086149187683104
47,21,0.14846880249180164
48,21,0.14613396971597575
49,21,0.14385610698623075

0,22,0.005755969622542465
1,22,0.016487846203367653
2,22,0.03845707438078174
3,22,0.05979602668834034
4,22,0.08018272860028833
5,22,0.09934388422206829
6,22,0.11706483810138318
7,22,0.13319405883463614
8,22,0.14764247277771486
9,22,0.16037858364799426
10,22,0.17142064555480585
11,22,0.18082721683524097
12,22,0.188687273161003
13,22,0.19511078870420284
14,22,0.20022038680395635
15,22,0.20414437746939945
16,22,0.20701127219300391
17,22,0.20894570786999525
18,22,0.21006561652137157
19,22,0.21048043341813777
20,22,0.21029012828885874
21,22,0.2095848590008229
22,22,0.2084450737157421
23,22,0.20694191846592763
24,22,0.20513783758822793
25,22,0.20308728184481742
26,22,0.20083746219576998
27,22,0.1984291058522758
28,22,0.19589718574568318
29,22,0.19327160546123245
30,22,0.1905778296469743
31,22,0.18783745553469414
32,22,0.1850687250448044
33,22,0.18228697944492517
34,22,0.17950506005590788
35,22,0.17673365933195087
36,22,0.17398162699728248
37,22,0.17125623595929038
38,22,0.16856341255208396
39,22,0.16590793537716111
40,22,0.16329360665602038
41,22,0.1607233996317763
42,22,0.15819958517837493
43,22,0.15572384041269827
44,22,0.15329734176591692
45,22,0.15092084466062097
46,22,0.14859475166122896
47,22,0.14631917071671088
48,22,0.1440939648953329
49,22,0.1419187948188377

0,23,0.005192195052771192
1,23,0.014874892820308003
2,23,0.034718343637781854
3,23,0.05404732276184915
4,23,0.07259592794878544
5,23,0.09013455826341993
6,23,0.106477873385592
7,23,0.12148893667822253
8,23,0.13507965735797897
9,23,0.14720806717454105
10,23,0.15787322785069904
11,23,0.1671086570104998
12,23,0.17497510977412875
13,23,0.18155340814613066
14,23,0.18693782132981548
15,23,0.1912303088489367
16,23,0.19453577233204886
17,23,0.1969583343482147
18,23,0.19859857609038184
19,23,0.19955161538176963
20,23,0.19990588458607209
21,23,0.1997424660885682
22,23,0.19913485358030578
23,23,0.1981490245321346
24,23,0.1968437288074919
25,23,0.19527091764357138
26,23,0.19347625470113589
27,23,0.1914996658370958
28,23,0.1893758965185198
29,23,0.18713505551365026
30,23,0.18480313096625947
31,23,0.18240247054519615
32,23,0.17995222142142547
33,23,0.17746872868769353
34,23,0.17496589278184835
35,23,0.1724554877348092
36,23,0.1699474428224293
37,23,0.16745009060037164
38,23,0.1649703844517491
39,23,0.16251408876018442
40,23,0.16008594469589618
41,23,0.15768981441241814
42,23,0.15532880622693002
43,23,0.1530053831187665
44,23,0.15072145664239617
45,23,0.14847846812192037
46,23,0.14627745877926646
47,23,0.14411913025058506
48,23,0.1420038967660626
49,23,0.139931930107445

0,24,0.0047073645984204455
1,24,0.013487456639502637
2,24,0.031498310959382075
3,24,0.04908514042272126
4,24,0.06602658763173645
5,24,0.08212871971870159
6,24,0.09723139070656932
7,24,0.11121191046031957
8,24,0.12398603198478446
9,24,0.13550655962072755
10,24,0.14576007894059995
11,24,0.1547624017848355
12,24,0.162553317176437
13,24,0.16919116584440505
14,24,0.17474764291732098
15,24,0.1793031075448064
16,24,0.18294256026596642
17,24,0.1857523510946862
18,24,0.18781760843676776
19,24,0.1892203306971855
20,24,0.1900380552580453
21,24,0.19034300857685826
22,24,0.1902016415716892
23,24,0.1896744619650517
24,24,0.18881608652167156
25,24,0.18767544875583475
26,24,0.18629611014770237
27,24,0.18471663428780602
28,24,0.1829709932246485
29,24,0.1810889834926088
30,24,0.17909663590671138
31,24,0.1770166083902345
32,24,0.17486855505735718
33,24,0.17266946771986136
34,24,0.17043398812428218
35,24,0.16817469072970437
36,24,0.16590233685490735
37,24,0.16362610167788177
38,24,0.1613537759573602
39,24,0.15909194454018827
40,24,0.1568461437777634
41,24,0.15462099994277426
42,24,0.15242035064623893
43,24,0.1502473511277296
44,24,0.14810456714538997
45,24,0.14599405603854285
46,24,0.1439174373822472
47,24,0.14187595450524465
48,24,0.13987052800350364
49,24,0.1379018022527718

0,25,0.004287399327348187
1,25,0.012285389689232979
2,25,0.028705468311044265
3,25,0.044772978423014774
4,25,0.060302270166502164
5,25,0.07512866088443253
6,25,0.08911353353264802
7,25,0.1021475103175209
8,25,0.11415166635716156
9,25,0.12507695031695404
10,25,0.13490212701503593
11,25,0.14363063898132436
12,25,0.15128680235806782
13,25,0.1579117201031595
14,25,0.1635592298568895
15,25,0.16829212280062725
16,25,0.17217878795286395
17,25,0.17529036357341005
18,25,0.17769841900265979
19,25,0.17947314789599503
20,25,0.18068202639137737
21,25,0.18138887481249796
22,25,0.1816532560822827
23,25,0.18153014520788704
24,25,0.18106980952026824
25,25,0.18031784687487148
26,25,0.1793153373527517
27,25,0.17809907222139104
28,25,0.17670183147049692
29,25,0.17515268785081106
30,25,0.17347732091932813
31,25,0.1716983291549708
32,25,0.16983553184362082
33,25,0.16790625526065595
34,25,0.1659255998316124
35,25,0.16390668655109675
36,25,0.16186088209816316
37,25,0.1597980028992446
38,25,0.15772649893767537
39,25,0.15565361845722855
40,25,0.15358555490803616
41,25,0.15152757757756
42,25,0.14948414736839047
43,25,0.14745901915242887
44,25,0.14545533206528308
45,25,0.1434756890185994
46,25,0.1415222266110279
47,25,0.13959667651727814
48,25,0.13770041933386928
49,25,0.1358345317627826

0,26,0.003921224326797093
1,26,0.011237093402292272
2,26,0.026267595812224553
3,26,0.04100257657025341
4,26,0.05528525263552496
5,26,0.06897504880105547
6,26,0.0819516982589528
7,26,0.09411795130441027
8,26,0.10540083894219428
9,26,0.11575157953904885
10,26,0.12514432626672722
11,26,0.13357402119123166
12,26,0.14105364767538608
13,26,0.1476111624266255
14,26,0.15328635220234874
15,26,0.15812780911156235
16,26,0.16219016267924585
17,26,0.1655316539765988
18,26,0.16821209195142275
19,26,0.1702911968455412
20,26,0.17182731053062147
21,26,0.1728764377311594
22,26,0.17349157377872634
23,26,0.17372227190650794
24,26,0.17361440440586762
25,26,0.17321007575194103
26,26,0.17254765091217655
27,26,0.17166186764592545
28,26,0.17058400712435753
29,26,0.16934210230589397
30,26,0.16796116801271901
31,26,0.1664634405011635
32,26,0.16486861750834003
33,26,0.16319409233809598
34,26,0.1614551775919365
35,26,0.1596653157337447
36,26,0.15783627487856802
37,26,0.15597832908703707
38,26,0.15410042309119365
39,26,0.15221032182831434
40,26,0.15031474546132104
41,26,0.1484194907538157
42,26,0.14652953977363287
43,26,0.14464915694385033
44,26,0.1427819754620982
45,26,0.1409310740812715
46,26,0.13909904519755611
47,26,0.13728805513259282
48,26,0.13549989743114682
49,26,0.13373603992777597

0,27,0.003600031152275496
1,27,0.01031742410663659
2,27,0.024127089194173425
3,27,0.03768721434033543
4,27,0.050864539191395476
5,27,0.06353846046990276
6,27,0.07560434442854565
7,27,0.08697582146443789
8,27,0.09758600597272449
9,27,0.10738768409818931
10,27,0.11635259291203823
11,27,0.12446996922877603
12,27,0.13174457282243748
13,27,0.13819438988526986
14,27,0.14384820392246486
15,27,0.1487431898967687
16,27,0.15292265011307596
17,27,0.1564339726487618
18,27,0.15932685902171467
19,27,0.16165183950898462
20,27,0.1634590729429262
21,27,0.16479741275452345
22,27,0.16571371170939447
23,27,0.16625233309291634
24,27,0.16645483488808427
25,27,0.16635979468564333
26,27,0.1660027457737221
27,27,0.16541619837325042
28,27,0.16462972380446092
29,27,0.16367008314088213
30,27,0.16256138541358534
31,27,0.16132526355183235
32,27,0.15998105893837583
33,27,0.15854600771665253
34,27,0.15703542383969776
35,27,0.15546287533896358
36,27,0.15384035146402675
37,27,0.15217841925074435
38,27,0.15048636876223087
39,27,0.14877234675582018
40,27,0.14704347889616878
41,27,0.14530598089046737
42,27,0.1435652590917315
43,27,0.14182600122095076
44,27,0.1400922579150375
45,27,0.13836751582808268
46,27,0.13665476300859972
47,27,0.13495654725305936
48,27,0.13327502810206698
49,27,0.13161202310447262

0,28,0.003316743203756412
1,28,0.009506173447644373
2,28,0.02223755435227352
3,28,0.0347567861659649
4,28,0.04694991972127702
5,28,0.05871298384323833
6,28,0.06995467393158941
7,28,0.08059828828812747
8,28,0.09058285829042471
9,28,0.09986348919251331
10,28,0.10841098799718324
11,28,0.11621089791256951
12,28,0.12326208321619822
13,28,0.12957501481798292
14,28,0.13516989857605483
15,28,0.14007476978222488
16,28,0.1443236527038062
17,28,0.14795485763415114
18,28,0.1510094626293073
19,28,0.1535300050063633
20,28,0.15555938979364795
21,28,0.15714000892266292
22,28,0.15831305576587024
23,28,0.1591180140652471
24,28,0.15959229763824315
25,28,0.15977101675510982
26,28,0.15968684808876973
27,28,0.1593699870891361
28,28,0.15884816409295155
29,28,0.15814670812783563
30,28,0.157288644984974
31,28,0.15629481857882932
32,28,0.15518402680571816
33,28,0.1539731650215496
34,28,0.1526773718779477
35,28,0.15131017359989876
36,28,0.14988362388233267
37,28,0.14840843745812754
38,28,0.1468941160775954
39,28,0.14534906617004717
40,28,0.14378070785944647
41,28,0.14219557530308077
42,28,0.14059940853579456
43,28,0.1389972371504863
44,28,0.13739345624301916
45,28,0.1357918951084682
46,28,0.13419587920538908
47,28,0.132608285913222
48,28,0.13103159460107622
49,28,0.12946793150863706

0,29,0.00306562264271661
1,29,0.008786950253189476
2,29,0.020561291565898036
3,29,0.03215413694996726
4,29,0.043467502048990726
5,29,0.05441133781921521
6,29,0.06490572357402775
7,29,0.0748824984646167
8,29,0.08428628326978893
9,29,0.0930748949361036
10,29,0.10121920041868028
11,29,0.10870248991802572
12,29,0.11551947061741746
13,29,0.12167499055888731
14,29,0.12718259999720383
15,29,0.1320630470492023
16,29,0.13634278866391816
17,29,0.1400525796722883
18,29,0.14322618424128972
19,29,0.14589923712422967
20,29,0.14810826768612861
21,29,0.1498898882481218
22,29,0.15128013986562497
23,29,0.1523139829724932
24,29,0.15302491696790352
25,29,0.15344471131351947
26,29,0.1536032305731791
27,29,0.15352833664367213
28,29,0.153245852841683
29,29,0.15277957625313665
30,29,0.15215132661299335
31,29,0.15138102182385552
32,29,0.15048677194876012
33,29,0.1494849850741137
34,29,0.14839047980814415
35,29,0.14721660035340686
36,29,0.14597533107653796
37,29,0.14467740830995474
38,29,0.1433324277778218
39,29,0.14194894656289156
40,29,0.14053457894199142
41,29,0.1390960857347835
42,29,0.13763945704986602
43,29,0.13616998848908513
44,29,0.13469235099770566
45,29,0.13321065463545656
46,29,0.13172850660019472
47,29,0.13024906386919424
48,29,0.1287750808386445
49,29,0.1273089523444532

0,30,0.0028419775904901315
1,30,0.008146347086959452
2,30,0.01906741370539529
3,30,0.029832303641590924
4,30,0.040356317624365645
5,30,0.05056111897592395
6,30,0.06037653144271564
7,30,0.06974191383101298
8,30,0.07860706984361407
9,30,0.08693268798664922
10,30,0.09469033913605486
11,30,0.10186208532600662
12,30,0.10843977088946484
13,30,0.11442407592824774
14,30,0.11982341301482678
15,30,0.12465274258205805
16,30,0.12893237255348364
17,30,0.13268679533593167
18,30,0.13594360203532402
19,30,0.13873250098822063
20,30,0.1410844563273251
21,30,0.14303095282569905
22,30,0.14460338587245497
23,30,0.1458325700631432
24,30,0.14674835632747377
25,30,0.1473793454706434
26,30,0.14775268515214776
27,30,0.14789393736004172
28,30,0.14782700408712474
29,30,0.1475740999525659
30,30,0.1471557617604829
31,30,0.14659088631355885
32,30,0.14589678911169096
33,30,0.14508927780169448
34,30,0.1441827353679212
35,30,0.14319020904747318
36,30,0.1421235018127462
37,30,0.14099326399230072
38,30,0.13980908320788543
39,30,0.13857957130311732
40,30,0.13731244734133552
41,30,0.13601461606999957
42,30,0.13469224149951003
43,30,0.1333508154371688
44,30,0.1319952209625333
45,30,0.1306297909376416
46,30,0.1292583617221517
47,30,0.12788432231578065
48,30,0.1265106591838722
49,30,0.12513999704083023

0,31,0.002641941401694809
1,31,0.007573311584369644
2,31,0.017730422428938956
3,31,0.027752416473331053
4,31,0.03756571784094037
5,31,0.04710189128992902
6,31,0.05629912342475931
7,31,0.06510338212460902
8,31,0.07346921890208846
9,31,0.08136020542381689
10,31,0.0887490198010295
11,31,0.09561721831442684
12,31,0.10195474263898481
13,31,0.10775922093436079
14,31,0.11303512369537924
15,31,0.1177928329153373
16,31,0.12204767712733489
17,31,0.12581897657298305
18,31,0.12912913333087422
19,31,0.13200279173710136
20,31,0.1344660855996995
21,31,0.13654598103119772
22,31,0.13826971744228767
23,31,0.13966434440878323
24,31,0.14075634866247663
25,31,0.14157136319944885
26,31,0.14213394924112413
27,31,0.14246744130892355
28,31,0.1425938457800678
29,31,0.14253378380197101
30,31,0.14230647020818785
31,31,0.14192972098371134
32,31,0.1414199827842469
33,31,0.14079237896079888
34,31,0.14006076743607773
35,31,0.13923780659774188
36,31,0.1383350261024173
37,31,0.13736290011969216
38,31,0.13633092108874978
39,31,0.13524767251770087
40,31,0.13412089973490576
41,31,0.13295757781156092
42,31,0.1317639761246758
43,31,0.1305457192280784
44,31,0.12930784385440172
45,31,0.12805485199043817
46,31,0.1267907600582457
47,31,0.12551914430050806
48,31,0.12424318251562136
49,31,0.12296569231976803

0,32,0.0024623044276058507
1,32,0.007058667033891093
2,32,0.016529119422372906
3,32,0.025882086106921276
4,32,0.03505335868680426
5,32,0.043982911850053395
6,32,0.052616129732524705
7,32,0.06090478552892785
8,32,0.06880774476685345
9,32,0.07629138208845447
10,32,0.08332971963314051
11,32,0.08990431059410149
12,32,0.09600390318388975
13,32,0.10162392762998838
14,32,0.1067658520113018
15,32,0.11143645224461757
16,32,0.1156470381102276
17,32,0.11941267175813007
18,32,0.12275140853615679
19,32,0.1256835829964525
20,32,0.12823115617271208
21,32,0.1304171341035201
22,32,0.13226506236230112
23,32,0.13379859715209147
24,32,0.13504115033263284
25,32,0.13601560349063055
26,32,0.13674408471833244
27,32,0.1372478009873522
28,32,0.13754691874837494
29,32,0.13766048551775895
30,32,0.13760638561102054
31,32,0.13740132375292238
32,32,0.13706083095700008
33,32,0.13659928776540603
34,32,0.13602996063092326
35,32,0.1353650478785143
36,32,0.1346157322862192
37,32,0.1337922378652068
38,32,0.13290388889290272
39,32,0.1319591696621361
40,32,0.13096578375664608
41,32,0.12993071195419154
42,32,0.128860268098869
43,32,0.1277601524802575
44,32,0.1266355024147679
45,32,0.12549093984978593
46,32,0.12433061590907235
47,32,0.12315825237306235
48,32,0.12197718014424441
49,32,0.12079037478918948

0,33,0.0023003844741640925
1,33,0.006594743050740767
2,33,0.015445765615548657
3,33,0.024194152620754396
4,33,0.032783627472613715
5,33,0.04116134030840737
6,33,0.04927888823199325
7,33,0.057093144821897
8,33,0.06456687426759386
9,33,0.07166911984192177
10,33,0.07837537015002598
11,33,0.0846675185541677
12,33,0.09053364054795546
13,33,0.09596762022332235
14,33,0.10096866029454497
15,33,0.10554071068128315
16,33,0.10969184888823046
17,33,0.11343364194799611
18,33,0.11678051513440624
19,33,0.11974914757518926
20,33,0.12235790977110064
21,33,0.1246263532213886
22,33,0.1265747581025239
23,33,0.12822374138018985
24,33,0.12959392489746757
25,33,0.13070566085315238
26,33,0.13157881059761387
27,33,0.1322325717390972
28,33,0.13268534807050728
29,33,0.1329546566961161
30,33,0.1330570668678975
31,33,0.13300816535293442
32,33,0.13282254358076198
33,33,0.13251380231040902
34,33,0.1320945700715824
35,33,0.13157653214413406
36,33,0.13097046732494344
37,33,0.13028629017917445
38,33,0.12953309687664477
39,33,0.128719213071009
40,33,0.12785224258977254
41,33,0.12693911596893664
42,33,0.12598613809067116
43,33,0.12499903436981133
44,33,0.12398299508944118
45,33,0.12294271761159475
46,33,0.12188244629021763
47,33,0.12080600999371566
48,33,0.11971685720703806
49,33,0.11861808873127407

0,34,0.0021539261080160597
1,34,0.00617508837530382
2,34,0.014465425933094429
3,34,0.02266570670340349
4,34,0.03072640480237596
5,34,0.038600819146480926
6,34,0.046245926171296754
7,34,0.053623084005929876
8,34,0.060698567653758244
9,34,0.06744392540971719
10,34,0.07383615713417273
11,34,0.07985772426103209
12,34,0.08549640892042146
13,34,0.09074504494287138
14,34,0.09560114668208564
15,34,0.10006646267201967
16,34,0.10414648041400355
17,34,0.10784990646540007
18,34,0.11118814290517301
19,34,0.11417477760155924
20,34,0.1168251018685665
21,34,0.1191556653634444
22,34,0.1211838746576591
23,34,0.12292763894237979
24,34,0.12440506387156687
25,34,0.12563419261319075
26,34,0.12663279174470643
27,34,0.12741817864026142
28,34,0.1280070863882526
29,34,0.1284155619782924
30,34,0.1286588934378492
31,34,0.12875156171833593
32,34,0.12870721337417104
33,34,0.12853865040148713
34,34,0.12825783397002924
35,34,0.1278758991650607
36,34,0.12740317823581396
37,34,0.12684923020933447
38,34,0.1262228750645607
39,34,0.12553223096607335
40,34,0.12478475332793246
41,34,0.12398727471525654
42,34,0.12314604479596507
43,34,0.12226676972958782
44,34,0.1213546505269508
45,34,0.12041442003681534
46,34,0.11945037831615746
47,34,0.11846642622259831
48,34,0.11746609713322376
49,34,0.11645258674611506

0,35,0.0020210216956776115
1,35,0.005794245573632056
2,35,0.013575454267856727
3,35,0.021277317580158123
4,35,0.02885608298360829
5,35,0.03627034033427955
6,35,0.043481737797822016
7,35,0.05045558125363365
8,35,0.05716130023763309
9,35,0.06357277148934122
10,35,0.06966849907306252
11,35,0.0754316572288699
12,35,0.08085000810100539
13,35,0.08591571098891142
14,35,0.09062504265044805
15,35,0.09497804950223378
16,35,0.09897815248125738
17,35,0.10263172411311748
18,35,0.10594765527539832
19,35,0.10893692655323063
20,35,0.11161219623570545
21,35,0.11398741412940029
22,35,0.11607746764768605
23,35,0.11789786419525727
24,35,0.11946445177930917
25,35,0.12079317807218871
26,35,0.12189988682241819
27,35,0.12280014953567821
28,35,0.1235091296840248
29,35,0.12404147630232958
30,35,0.12441124364589336
31,35,0.12463183356467254
32,35,0.12471595735443056
33,35,0.12467561403610473
34,35,0.1245220822608362
35,35,0.12426592331474072
36,35,0.123916992985586
37,35,0.12348446033906887
38,35,0.1229768317255131
39,35,0.12240197859210382
40,35,0.1217671679074571
41,35,0.12107909421265091
42,35,0.12034391249553056
43,35,0.11956727124391557
44,35,0.11875434516970308
45,35,0.11790986721163343
46,35,0.11703815952170046
47,35,0.11614316322095784
48,35,0.11522846677685243
49,35,0.11429733290815708

0,36,0.0019000489758188076
1,36,0.005447572850930402
2,36,0.012765085433579425
3,36,0.020012419354288234
4,36,0.027150782210027695
5,36,0.03414333477580163
6,36,0.040955794703397656
7,36,0.047556948193899204
8,36,0.05391905561766158
9,36,0.06001814309762483
10,36,0.06583417811808029
11,36,0.07135113281670682
12,36,0.07655694339998392
13,36,0.08144337784641156
14,36,0.08600582661016874
15,36,0.09024303240977312
16,36,0.09415677547909611
17,36,0.09775153003834355
18,36,0.10103410641666188
19,36,0.1040132914444585
20,36,0.10669949764083882
21,36,0.10910442953234033
22,36,0.1112407733008536
23,36,0.11312191398025949
24,36,0.11476168267462095
25,36,0.11617413479453462
26,36,0.11737335911431068
27,36,0.11837331653250523
28,36,0.11918770674944842
29,36,0.11982986062683422
30,36,0.1203126557312615
31,36,0.12064845245045837
32,36,0.12084904807425706
33,36,0.12092564632208873
34,36,0.12088883994883957
35,36,0.12074860424977676
36,36,0.12051429949559976
37,36,0.12019468054711568
38,36,0.11979791211561691
39,36,0.11933158834269957
40,36,0.11880275556730763
41,36,0.11821793732540248
42,36,0.1175831607874544
43,36,0.1169039839806122
44,36,0.11618552326636562
45,36,0.11543248065171488
46,36,0.1146491706035653
47,36,0.11383954611370949
48,36,0.1130072238268341
49,36,0.112155508097987

0,37,0.0017896213236081747
1,37,0.005131102047745348
2,37,0.012025109456315228
3,37,0.018856819758862817
4,37,0.025591720456760236
5,37,0.03219693625674071
6,37,0.03864174027239037
7,37,0.04489799207595132
8,37,0.050940490978909146
9,37,0.05674723751169206
10,37,0.062299600723257395
11,37,0.0675823932941489
12,37,0.0725838602751323
13,37,0.07729559033118946
14,37,0.08171236057926053
15,37,0.08583192743468812
16,37,0.08965477637601078
17,37,0.09318384330606887
18,37,0.09642421936998573
19,37,0.09938284984376201
20,37,0.10206823618613516
21,37,0.10449014869233589
22,37,0.1066593555206303
23,37,0.10858737227405212
24,37,0.11028623487661843
25,37,0.11176829722672846
26,37,0.11304605406008475
27,37,0.11413198861294915
28,37,0.11503844403382858
29,37,0.11577751702926725
30,37,0.11636097192390546
31,37,0.11680017314090733
32,37,0.11710603404093041
33,37,0.1172889800722508
34,37,0.11735892426020886
35,37,0.11732525318248757
36,37,0.11719682172264877
37,37,0.11698195505557601
38,37,0.11668845648547285
39,37,0.11632361992270222
40,37,0.11589424594490677
41,37,0.11540666053707702
42,37,0.11486673574240755
43,37,0.11427991157981447
44,37,0.11365121869455506
45,37,0.11298530130573663
46,37,0.11228644009924137
47,37,0.11155857478760071
48,37,0.11080532612063407
49,37,0.1100300171832914

0,38,0.0016885478415638476
1,38,0.004841424660402813
2,38,0.01134760976464818
3,38,0.017798304246077708
4,38,0.02416270372217244
5,38,0.030411382976335125
6,38,0.03651673058342573
7,38,0.04245332503316477
8,38,0.04819824270995014
9,38,0.053731291600181516
10,38,0.059035168194415455
11,38,0.06409553848168303
12,38,0.06890104698597607
13,38,0.07344326031355941
14,38,0.07771655356964897
15,38,0.08171794923095717
16,38,0.0854469186482634
17,38,0.08890515636556297
18,38,0.0920963369743827
19,38,0.09502586338447704
20,38,0.09770061429993612
21,38,0.10012869745104594
22,38,0.10231921384197656
23,38,0.10428203701000213
24,38,0.10602761011188777
25,38,0.1075667625971528
26,38,0.10891054731928618
27,38,0.11007009818381526
28,38,0.11105650783467405
29,38,0.11188072442794254
30,38,0.11255346621996112
31,38,0.11308515248744723
32,38,0.1134858491819459
33,38,0.113765227681467
34,38,0.11393253502151927
35,38,0.11399657405079143
36,38,0.1139656920504211
37,38,0.11384777646927204
38,38,0.1136502565521424
39,38,0.11338010976649232
40,38,0.11304387206093745
41,38,0.11264765111166306
42,38,0.11219714182851381
43,38,0.11169764349920214
44,38,0.11115407804699196
45,38,0.11057100896406011
46,38,0.10995266055962807
47,38,0.10930293722930624
48,38,0.10862544251049426
49,38,0.1079234977388557

0,39,0.001595801119167827
1,39,0.0045755997396163105
2,39,0.010725751354303413
3,39,0.01682631488189485
4,39,0.022849711149085104
5,39,0.028769528239366838
6,39,0.03456089244879386
7,39,0.040200792181023765
8,39,0.04566834676874606
9,39,0.050945014912491454
10,39,0.05601474022358113
11,39,0.06086403405893459
12,39,0.0654819982802098
13,39,0.06986029263403076
14,39,0.07399305305316412
15,39,0.07787676828430219
16,39,0.08151012286135816
17,39,0.08489381460241266
18,39,0.08803035457687282
19,39,0.090923856945205
20,39,0.09357982530085616
21,39,0.09600494122499462
22,39,0.09820685977421462
23,39,0.10019401562276807
24,39,0.10197544262435043
25,39,0.10356060868053292
26,39,0.10495926702737415
27,39,0.10618132439117801
28,39,0.10723672592226514
29,39,0.10813535638846379
30,39,0.1088869567893199
31,39,0.10950105532617155
32,39,0.1099869115189791
33,39,0.11035347218448684
34,39,0.11060933796864168
35,39,0.1107627391469761
36,39,0.11082151945897237
37,39,0.11079312681689965
38,39,0.1106846098184354
39,39,0.11050261908921008
40,39,0.11025341258127522
41,39,0.10994286405260265
42,39,0.10957647404832005
43,39,0.1091593827945636
44,39,0.1086963844993578
45,39,0.10819194263113953
46,39,0.1076502058141619
47,39,0.1070750240410904
48,39,0.10646996495690449
49,39,0.10583833001515994

0,40,0.0015104910222526655
1,40,0.004331078996847168
2,40,0.01015360832313673
3,40,0.01593168834824123
4,40,0.02164055544107246
5,40,0.027256438277942222
6,40,0.032756875637538575
7,40,0.03812099612868887
8,40,0.04332975317745447
9,40,0.04836611069414064
10,40,0.05321517702556093
11,40,0.05786428693321174
12,40,0.0623030333001865
13,40,0.06652325196041965
14,40,0.0705189643956641
15,40,0.07428628402324944
16,40,0.07782329239641499
17,40,0.08112989188023208
18,40,0.08420764129121437
19,40,0.08705958065231817
20,40,0.08969005067845548
21,40,0.09210451193299574
22,40,0.09430936784131677
23,40,0.09631179496447782
24,40,0.09811958316668812
25,40,0.09974098758679525
26,40,0.10118459366926386
27,40,0.10245919593804755
28,40,0.10357369071388796
29,40,0.10453698258240574
30,40,0.10535790411287647
31,40,0.10604514809867664
32,40,0.10660721143100405
33,40,0.10705234961766774
34,40,0.10738854090839826
35,40,0.1076234589775654
36,40,0.10776445313549493
37,40,0.10781853508285182
38,40,0.10779237128200697
39,40,0.10769228008924646
40,40,0.1075242328674968
41,40,0.10729385837728111
42,40,0.10700644982109833
43,40,0.10666697399127698
44,40,0.10628008204216109
45,40,0.10585012147329868
46,40,0.10538114897058835
47,40,0.10487694380686803
48,40,0.10434102155220325
49,40,0.10377664788732678

0,41,0.0014318432569647857
1,41,0.0041056455402879635
2,41,0.0096260226365195
3,41,0.015106440959334949
4,41,0.020524603406188925
5,41,0.025859060018802477
6,41,0.03108948121190805
7,41,0.03619690004667609
8,41,0.04116391797787789
9,41,0.045974870135043616
10,41,0.050615947913805304
11,41,0.05507527834849881
12,41,0.05934296131585724
13,41,0.06341106700464491
14,41,0.06727359722150664
15,41,0.0709264149567589
16,41,0.07436714719569025
17,41,0.07759506624159972
18,41,0.08061095484277572
19,41,0.08341696022474367
20,41,0.08601644176580311
21,41,0.08841381656472562
22,41,0.09061440657962049
23,41,0.09262429040730426
24,41,0.09445016215792268
25,41,0.09609919928801404
26,41,0.0975789407074851
27,41,0.0988971759861389
28,41,0.1000618460615039
29,41,0.10108095549477947
30,41,0.10196249603480359
31,41,0.10271438102719778
32,41,0.10334439004141538
33,41,0.10386012297531502
34,41,0.10426896282759261
35,41,0.10457804629543947
36,41,0.10479424135100834
37,41,0.10492413096914464
38,41,0.10497400221459183
39,41,0.10494983994453791
40,41,0.10485732443776923
41,41,0.10470183232143832
42,41,0.10448844022784472
43,41,0.10422193067459044
44,41,0.10390679972047108
45,41,0.10354726600540679
46,41,0.10314728083488506
47,41,0.10271053901735051
48,41,0.10224049020654427
49,41,0.1017403505399463

0,42,0.0013591817395851495
1,42,0.0038973634780240245
2,42,0.00913848782744608
3,42,0.014343591308023073
4,42,0.019492544801483
5,42,0.024565945309722923
6,42,0.029545351676216528
7,42,0.03441349500834841
8,42,0.03915445913844628
9,42,0.04375382773908259
10,42,0.04819879606257022
11,42,0.05247824662525099
12,42,0.05658278943085676
13,42,0.06050476846262154
14,42,0.06423823712510925
15,42,0.06777890605515899
16,42,0.07112406723515942
17,42,0.07427249863467991
18,42,0.07722435369469326
19,42,0.07998103987812241
20,42,0.08254509027319964
21,42,0.08492003188689033
22,42,0.08711025383911469
23,42,0.08912087819710474
24,42,0.09095763570148606
25,42,0.09262674815526253
26,42,0.09413481879227739
27,42,0.09548873152625313
28,42,0.09669555961375188
29,42,0.09776248394881736
30,42,0.09869672094473154
31,42,0.09950545974769896
32,42,0.10019580836490428
33,42,0.10077474817057676
34,42,0.10124909617302481
35,42,0.1016254743774063
36,42,0.10191028555767803
37,42,0.10210969475142716
38,42,0.10222961580831678
39,42,0.1022757023524087
40,42,0.10225334255699497
41,42,0.10216765717469402
42,42,0.1020235003129309
43,42,0.10182546249351376
44,42,0.10157787558328814
45,42,0.10128481922963284
46,42,0.10095012847902496
47,42,0.1005774022984884
48,42,0.10017001275811138
49,42,0.09973111466780941

0,43,0.0012919140191177247
1,43,0.0037045362401412793
2,43,0.00868705272741429
3,43,0.013637013210445043
4,43,0.01853620019730736
5,43,0.023367020958381883
6,43,0.028112711562108577
7,43,0.03275752013485957
8,43,0.037286865433009096
9,43,0.041687467821642614
10,43,0.04594745082843177
11,43,0.05005641252184327
12,43,0.05400546699332166
13,43,0.05778725715495949
14,43,0.06139594086003304
15,43,0.06482715298869823
16,43,0.06807794660284568
17,43,0.07114671656213785
18,43,0.07403310911720948
19,43,0.07673792097336567
20,43,0.07926299117169641
21,43,0.08161108889012518
22,43,0.08378579995106081
23,43,0.08579141446052259
24,43,0.08763281761894999
25,43,0.08931538535618844
26,43,0.09084488606840241
27,43,0.09222738938507445
28,43,0.09346918257828517
29,43,0.09457669494928787
30,43,0.09555643029131915
31,43,0.09641490733265343
32,43,0.09715860790840124
33,43,0.09779393249051106
34,43,0.09832716261910952
35,43,0.09876442972052638
36,43,0.09911168976380175
37,43,0.09937470319395386
38,43,0.09955901958285726
39,43,0.0996699664536547
40,43,0.09971264175903573
41,43,0.09969190952473418
42,43,0.09961239820493062
43,43,0.09947850133401132
44,43,0.09929438009782829
45,43,0.0990639674860465
46,43,0.09879097372447622
47,43,0.09847889272182787
48,43,0.09813100929865962
49,43,0.09775040699714585

0,44,0.0012295191631456327
1,44,0.0035256719377028635
2,44,0.008268241382428985
3,44,0.012981313183631651
4,44,0.017648360533444016
5,44,0.02225339613153293
6,44,0.026781149355844917
7,44,0.03121722629352808
8,44,0.03554824934088926
9,44,0.03976197387794905
10,44,0.04384738037893043
11,44,0.04779474118800225
12,44,0.051595662025749174
13,44,0.05524309905783981
14,44,0.05873135302277507
15,44,0.06205604245910625
16,44,0.0652140584822846
17,44,0.06820350383454003
18,44,0.07102361907301633
19,44,0.07367469878335119
20,44,0.0761580006241529
21,44,0.07847564984141434
22,44,0.08063054166100898
23,44,0.08262624369196923
24,44,0.08446690017180385
25,44,0.08615713957402932
26,44,0.08770198679107317
27,44,0.08910678081358075
28,44,0.09037709855791509
29,44,0.09151868525262855
30,44,0.09253739158492431
31,44,0.09343911763068098
32,44,0.09422976344599539
33,44,0.09491518608274721
34,44,0.09550116270293361
35,44,0.09599335940348401
36,44,0.096397305321717
37,44,0.09671837156826701
38,44,0.09696175452601583
39,44,0.09713246305734924
40,44,0.09723530917523879
41,44,0.09727490175384947
42,44,0.09725564287955689
43,44,0.09718172647169633
44,44,0.09705713883264531
45,44,0.09688566081782424
46,44,0.09667087134698636
47,44,0.09641615200809209
48,44,0.09612469253362019
49,44,0.09579949695602678

0,45,0.0011715376424930551
1,45,0.003359454432941165
2,45,0.007878986119112715
3,45,0.012371727894342394
4,45,0.016822652547259877
5,45,0.02121720036818386
6,45,0.02554143346217606
7,45,0.029782175859819994
8,45,0.03392713664936471
9,45,0.03796501398774419
10,45,0.04188557853288975
11,45,0.04567973553962147
12,45,0.04933956554191032
13,45,0.052858344175077676
14,45,0.056230542247823874
15,45,0.05945180763782757
16,45,0.06251893094511286
17,45,0.06542979709043409
18,45,0.0681833251937973
19,45,0.07077939911832563
20,45,0.07321879102831952
21,45,0.07550308020150653
22,45,0.0776345691694097
23,45,0.07961619905199269
24,45,0.08145146571806701
25,45,0.08314433815477341
26,45,0.0846991801793315
27,45,0.08612067638363473
28,45,0.08741376297445462
29,45,0.08858356396422033
30,45,0.08963533298289406
31,45,0.09057440082206138
32,45,0.09140612868834429
33,45,0.09213586703390693
34,45,0.09276891974565718
35,45,0.09331051340972177
36,45,0.0937657713215261
37,45,0.0941396918818501
38,45,0.09443713100304921
39,45,0.09466278814481763
40,45,0.09482119560319234
41,45,0.09491671068792307
42,45,0.09495351044008062
43,45,0.09493558856230298
44,45,0.09486675425708035
45,45,0.09475063269288567
46,45,0.09459066684289791
47,45,0.09439012046585495
48,45,0.09415208202269583
49,45,0.09387946934571949

0,46,0.0011175628464807385
1,46,0.0032047190694620333
2,46,0.007516571351135553
3,46,0.011804037948644559
4,46,0.016053425426113817
5,46,0.020251446794160015
6,46,0.024385356309040363
7,46,0.02844307245412687
8,46,0.03241328675525423
9,46,0.03628555658822998
10,46,0.040050380687344095
11,46,0.04369925663016887
12,46,0.047224720129448554
13,46,0.05062036648332582
14,46,0.05388085500048193
15,46,0.05700189761184507
16,46,0.059980233195549494
17,46,0.06281358937230136
18,46,0.065500633674599
19,46,0.06804091605991337
20,46,0.07043480473279676
21,46,0.07268341717410966
22,46,0.07478854815865911
23,46,0.07675259638752872
24,46,0.07857849117999714
25,46,0.08026962047308851
26,46,0.08182976117411413
27,46,0.08326301271118251
28,46,0.0845737344350783
29,46,0.08576648734804149
30,46,0.08684598047419834
31,46,0.08781702204474348
32,46,0.08868447554933068
33,46,0.0894532206034468
34,46,0.09012811849903878
35,46,0.09071398224103028
36,46,0.09121555082394746
37,46,0.09163746746880519
38,46,0.09198426151875591
39,46,0.09226033368083927
40,46,0.09246994429866308
41,46,0.09261720434528513
42,46,0.09270606883542122
43,46,0.09274033237001442
44,46,0.09272362654299923
45,46,0.09265941895878722
46,46,0.09255101362876969
47,46,0.09240155253531142
48,46,0.09221401817177394
49,46,0.091991236886649

0,47,0.001067233935150743
1,47,0.0030604322240030883
2,47,0.0071785862015754445
3,47,0.011274495116703516
4,47,0.015335654952451504
5,47,0.019349916173863946
6,47,0.023305601813528528
7,47,0.027191615684084767
8,47,0.030997538725812696
9,47,0.03471371190441699
10,47,0.03833130451854057
11,47,0.041842367236715736
12,47,0.04523986963830775
13,47,0.04851772246333313
14,47,0.05167078516556607
15,47,0.054694859699443765
16,47,0.05758667174531438
17,47,0.06034384078497255
18,47,0.06296484057944182
19,47,0.06544895167619204
20,47,0.06779620758873967
21,47,0.07000733625521485
22,47,0.07208369830261815
23,47,0.07402722352939586
24,47,0.07584034687989834
25,47,0.07752594502906765
26,47,0.07908727453230899
27,47,0.08052791233084053
28,47,0.08185169924260258
29,47,0.08306268691750428
30,47,0.08416508859667222
31,47,0.08516323389061303
32,47,0.08606152768201832
33,47,0.08686441316572582
34,47,0.08757633896084169
35,47,0.0882017301674754
36,47,0.08874496319182641
37,47,0.08921034412714615
38,47,0.08960209045291356
39,47,0.08992431579889543
40,47,0.09018101751313051
41,47,0.09037606677187025
42,47,0.09051320097382642
43,47,0.09059601816954163
44,47,0.09062797328828105
45,47,0.09061237593864185
46,47,0.09055238957433828
47,47,0.09045103183270906
48,47,0.09031117586990108
49,47,0.09013555253299887

0,48,0.0010202297930064384
1,48,0.0029256740072516273
2,48,0.006862884396018804
3,48,0.010779760655071219
4,48,0.01466486213038071
5,48,0.018507058263610692
6,48,0.022295632317562552
7,48,0.026020376821362965
8,48,0.029671679041441138
9,48,0.03324059511266083
10,48,0.0367189118241886
11,48,0.04009919542987151
12,48,0.04337482722645119
13,48,0.04654002599954102
14,48,0.049589857763730226
15,48,0.052520233508929544
16,48,0.05532789590263898
17,48,0.05801039608281884
18,48,0.06056606180707988
19,48,0.06299395830226484
20,48,0.06529384318769325
21,48,0.06746611683063648
22,48,0.06951176944041887
23,48,0.07143232612500418
24,48,0.0732297910283143
25,48,0.07490659154492452
26,48,0.07646552347774363
27,48,0.0779096978696429
28,48,0.07924249010667844
29,48,0.08046749176256185
30,48,0.08158846553443273
31,48,0.08260930351095096
32,48,0.08353398891663551
33,48,0.08436656139190904
34,48,0.08511108579657722
35,48,0.08577162446512962
36,48,0.0863522127946024
37,48,0.08685683800886353
38,48,0.08728942091598138
39,48,0.08765380045665726
40,48,0.08795372083036374
41,48,0.08819282098068217
42,48,0.08837462622128814
43,48,0.08850254178809208
44,48,0.08857984811030051
45,48,0.08860969760282744
46,48,0.08859511279386452
47,48,0.08853898561393077
48,48,0.08844407768587718
49,48,0.08831302146872315

0,49,0.0009762638944558112
1,49,0.002799623571480276
2,49,0.006567550179207594
3,49,0.010316852836056935
4,49,0.014037043851990037
5,49,0.017717907589061693
6,49,0.021349591811430348
7,49,0.024922692065236642
8,49,0.028428327643942937
9,49,0.031858207960718136
10,49,0.03520468844257739
11,49,0.03846081536797453
12,49,0.04162035937725626
13,49,0.04467783768156854
14,49,0.04762852526972559
15,49,0.05046845565546942
16,49,0.053194411913008284
17,49,0.055803908912664034
18,49,0.05829516778915708
19,49,0.06066708375293023
20,49,0.06291918839220792
21,49,0.06505160761391798
22,49,0.06706501633993835
23,49,0.06896059101679661
24,49,0.07073996091765553
25,49,0.07240515912082865
26,49,0.07395857394455456
27,49,0.0754029015081733
28,49,0.07674109997943097
29,49,0.07797634595990398
30,49,0.07911199335828624
31,49,0.08015153500660625
32,49,0.08109856718877491
33,49,0.08195675717505846
34,49,0.08272981379048525
35,49,0.08342146098976938
36,49,0.0840354143657053
37,49,0.08457536048153554
38,49,0.08504493888975379
39,49,0.08544772667929842
40,49,0.0857872253791998
41,49,0.08606685003854646
42,49,0.0862899202992319
43,49,0.08645965327849738
44,49,0.08657915808201676
45,49,0.08665143177448652
46,49,0.08667935664276565
47,49,0.08666569859603081
48,49,0.08661310655771057
49,49,0.0865241127147672

